Barcode	ProductName
4602984020546	 СПРЕЙ САНИТА
4602984020546	 СПРЕЙ САНИТА
4602984020546	 СПРЕЙ САНИТА
4602984020546	 СПРЕЙ САНИТА
4602984020546	 СПРЕЙ САНИТА
4602984020546	 СПРЕЙ САНИТА
3600541970809	 ФРУКТИС ШАМПУНЬ ОГУРЕЧ ДЕТОКС 400МЛ
3600541970809	 ФРУКТИС ШАМПУНЬ ОГУРЕЧ ДЕТОКС 400МЛ
3600541970809	 ФРУКТИС ШАМПУНЬ ОГУРЕЧ ДЕТОКС 400МЛ
3600541970809	 ФРУКТИС ШАМПУНЬ ОГУРЕЧ ДЕТОКС 400МЛ
3600541970809	 ФРУКТИС ШАМПУНЬ ОГУРЕЧ ДЕТОКС 400МЛ
3600541970809	 ФРУКТИС ШАМПУНЬ ОГУРЕЧ ДЕТОКС 400МЛ
9000100980739	 ПЕМОЛЮКС ЛИМОН 480Г
9000100980739	 ПЕМОЛЮКС ЛИМОН 480Г
9000100980739	 ПЕМОЛЮКС ЛИМОН 480Г
9000100980739	 ПЕМОЛЮКС ЛИМОН 480Г
9000100980739	 ПЕМОЛЮКС ЛИМОН 480Г
9000100980739	 ПЕМОЛЮКС ЛИМОН 480Г
4604049095537	 СОРТИ ДЛЯ ПОСУДЫ ЛИМОН 450МЛ
4604049095537	 СОРТИ ДЛЯ ПОСУДЫ ЛИМОН 450МЛ
4604049095537	 СОРТИ ДЛЯ ПОСУДЫ ЛИМОН 450МЛ
4604049095537	 СОРТИ ДЛЯ ПОСУДЫ ЛИМОН 450МЛ
4604049095537	 СОРТИ ДЛЯ ПОСУДЫ ЛИМОН 450МЛ
4604049095537	 СОРТИ ДЛЯ ПОСУДЫ ЛИМОН 450МЛ
8717163994252	 ДАВ АЭРОЗОЛЬ НЕВИДИМЫЙ 150 МЛ
8717163994252	 ДАВ АЭРОЗОЛЬ НЕВИДИМЫЙ 150 МЛ
8717163994252	 ДАВ АЭРОЗОЛЬ НЕВИДИМЫЙ 150 МЛ
8717163994252	 ДАВ АЭРОЗОЛЬ НЕВИДИМЫЙ 150 МЛ
8717163994252	 ДАВ АЭРОЗОЛЬ НЕВИДИМЫЙ 150 МЛ
8717163994252	 ДАВ АЭРОЗОЛЬ НЕВИДИМЫЙ 150 МЛ
4602984004515	 ГЕЛЬ ДЛЯ ПЛИТ САНИТА 500 МЛ
4602984004515	 ГЕЛЬ ДЛЯ ПЛИТ САНИТА 500 МЛ
4602984004515	 ГЕЛЬ ДЛЯ ПЛИТ САНИТА 500 МЛ
4602984004515	 ГЕЛЬ ДЛЯ ПЛИТ САНИТА 500 МЛ
4602984004515	 ГЕЛЬ ДЛЯ ПЛИТ САНИТА 500 МЛ
4602984004515	 ГЕЛЬ ДЛЯ ПЛИТ САНИТА 500 МЛ
4607139620442	Proteskin olio - защитный крем гидрофильного действия (производство плам)
4607139620442	Proteskin olio - защитный крем гидрофильного действия (производство плам)
4607139620442	Proteskin olio - защитный крем гидрофильного действия (производство плам)
4607139620442	Proteskin olio - защитный крем гидрофильного действия (производство плам)
4607139620442	Proteskin olio - защитный крем гидрофильного действия (производство плам)
4607139620442	Proteskin olio - защитный крем гидрофильного действия (производство плам)
8001090995254	 FAIRY ДЛЯ ПОСУДЫ ЖАСМИН И АЛОЭ ВЕРА 450МЛ
8001090995254	 FAIRY ДЛЯ ПОСУДЫ ЖАСМИН И АЛОЭ ВЕРА 450МЛ
8001090995254	 FAIRY ДЛЯ ПОСУДЫ ЖАСМИН И АЛОЭ ВЕРА 450МЛ
8001090995254	 FAIRY ДЛЯ ПОСУДЫ ЖАСМИН И АЛОЭ ВЕРА 450МЛ
8001090995254	 FAIRY ДЛЯ ПОСУДЫ ЖАСМИН И АЛОЭ ВЕРА 450МЛ
8001090995254	 FAIRY ДЛЯ ПОСУДЫ ЖАСМИН И АЛОЭ ВЕРА 450МЛ
5413149201934	 КОНДИЦИОНЕР ДЛЯ БЕЛЬЯ LENOR 4 Л
5413149201934	 КОНДИЦИОНЕР ДЛЯ БЕЛЬЯ LENOR 4 Л
5413149201934	 КОНДИЦИОНЕР ДЛЯ БЕЛЬЯ LENOR 4 Л
5413149201934	 КОНДИЦИОНЕР ДЛЯ БЕЛЬЯ LENOR 4 Л
5413149201934	 КОНДИЦИОНЕР ДЛЯ БЕЛЬЯ LENOR 4 Л
5413149201934	 КОНДИЦИОНЕР ДЛЯ БЕЛЬЯ LENOR 4 Л
4602984016587	 SANFOR UNIVERSAL СПРЕЙ
4602984016587	 SANFOR UNIVERSAL СПРЕЙ
4602984016587	 SANFOR UNIVERSAL СПРЕЙ
4602984016587	 SANFOR UNIVERSAL СПРЕЙ
4602984016587	 SANFOR UNIVERSAL СПРЕЙ
4602984016587	 SANFOR UNIVERSAL СПРЕЙ
4623721671463	 SYNERGETYC ДЛЯ ПОСУДЫ В АССОРТИМЕНТЕ 500МЛ
4623721671463	 SYNERGETYC ДЛЯ ПОСУДЫ В АССОРТИМЕНТЕ 500МЛ
4623721671463	 SYNERGETYC ДЛЯ ПОСУДЫ В АССОРТИМЕНТЕ 500МЛ
4623721671463	 SYNERGETYC ДЛЯ ПОСУДЫ В АССОРТИМЕНТЕ 500МЛ
4623721671463	 SYNERGETYC ДЛЯ ПОСУДЫ В АССОРТИМЕНТЕ 500МЛ
4623721671463	 SYNERGETYC ДЛЯ ПОСУДЫ В АССОРТИМЕНТЕ 500МЛ
4640018995545	 СИЛИТ АНТИНАЛЕТ 430МЛ
4640018995545	 СИЛИТ АНТИНАЛЕТ 430МЛ
4640018995545	 СИЛИТ АНТИНАЛЕТ 430МЛ
4640018995545	 СИЛИТ АНТИНАЛЕТ 430МЛ
4640018995545	 СИЛИТ АНТИНАЛЕТ 430МЛ
4640018995545	 СИЛИТ АНТИНАЛЕТ 430МЛ
8717163566282	 DOVE КРЕМ-МЫЛО КРАСОТА И УХОД 135Г
8717163566282	 DOVE КРЕМ-МЫЛО КРАСОТА И УХОД 135Г
8717163566282	 DOVE КРЕМ-МЫЛО КРАСОТА И УХОД 135Г
8717163566282	 DOVE КРЕМ-МЫЛО КРАСОТА И УХОД 135Г
8717163566282	 DOVE КРЕМ-МЫЛО КРАСОТА И УХОД 135Г
8717163566282	 DOVE КРЕМ-МЫЛО КРАСОТА И УХОД 135Г
5000204070750	 ТУАЛЕТНЫЙ УТЕНОК СР-ВО ПРРЖАВ. ВИДИМЫЙ ЭФФЕКТ 5 В1 900МЛ СУПЕР СИЛА
5000204070750	 ТУАЛЕТНЫЙ УТЕНОК СР-ВО ПРРЖАВ. ВИДИМЫЙ ЭФФЕКТ 5 В1 900МЛ СУПЕР СИЛА
5000204070750	 ТУАЛЕТНЫЙ УТЕНОК СР-ВО ПРРЖАВ. ВИДИМЫЙ ЭФФЕКТ 5 В1 900МЛ СУПЕР СИЛА
5000204070750	 ТУАЛЕТНЫЙ УТЕНОК СР-ВО ПРРЖАВ. ВИДИМЫЙ ЭФФЕКТ 5 В1 900МЛ СУПЕР СИЛА
5000204070750	 ТУАЛЕТНЫЙ УТЕНОК СР-ВО ПРРЖАВ. ВИДИМЫЙ ЭФФЕКТ 5 В1 900МЛ СУПЕР СИЛА
5000204070750	 ТУАЛЕТНЫЙ УТЕНОК СР-ВО ПРРЖАВ. ВИДИМЫЙ ЭФФЕКТ 5 В1 900МЛ СУПЕР СИЛА
3600542214797	 КРЕМ-КРАСКА GARNIER COLOR NATURALS 3.61 СОЧНАЯ ЕЖЕВИКА
3600542214797	 КРЕМ-КРАСКА GARNIER COLOR NATURALS 3.61 СОЧНАЯ ЕЖЕВИКА
3600542214797	 КРЕМ-КРАСКА GARNIER COLOR NATURALS 3.61 СОЧНАЯ ЕЖЕВИКА
3600542214797	 КРЕМ-КРАСКА GARNIER COLOR NATURALS 3.61 СОЧНАЯ ЕЖЕВИКА
3600542214797	 КРЕМ-КРАСКА GARNIER COLOR NATURALS 3.61 СОЧНАЯ ЕЖЕВИКА
5059018225399	 МАЛИНОВОЕ УДОВОЛЬСТВИЕ 500ММ 403
5059018225399	 МАЛИНОВОЕ УДОВОЛЬСТВИЕ 500ММ 403
5059018225399	 МАЛИНОВОЕ УДОВОЛЬСТВИЕ 500ММ 403
5059018225399	 МАЛИНОВОЕ УДОВОЛЬСТВИЕ 500ММ 403
5059018225399	 МАЛИНОВОЕ УДОВОЛЬСТВИЕ 500ММ 403
5059018225399	 МАЛИНОВОЕ УДОВОЛЬСТВИЕ 500ММ 403
4700041420251	 BHBS72 BEST ВЛАЖНЫЕ САЛФЕТКИ ДЕТСКИЕ 72ШТ.
4700041420251	 BHBS72 BEST ВЛАЖНЫЕ САЛФЕТКИ ДЕТСКИЕ 72ШТ.
4700041420251	 BHBS72 BEST ВЛАЖНЫЕ САЛФЕТКИ ДЕТСКИЕ 72ШТ.
4700041420251	 BHBS72 BEST ВЛАЖНЫЕ САЛФЕТКИ ДЕТСКИЕ 72ШТ.
4700041420251	 BHBS72 BEST ВЛАЖНЫЕ САЛФЕТКИ ДЕТСКИЕ 72ШТ.
4700041420251	 BHBS72 BEST ВЛАЖНЫЕ САЛФЕТКИ ДЕТСКИЕ 72ШТ.
4640130790943	 ШАМПУНЬ-ГЕЛЬ ПЕНА 650 МЛ
4640130790943	 ШАМПУНЬ-ГЕЛЬ ПЕНА 650 МЛ
4640130790943	 ШАМПУНЬ-ГЕЛЬ ПЕНА 650 МЛ
4640130790943	 ШАМПУНЬ-ГЕЛЬ ПЕНА 650 МЛ
4640130790943	 ШАМПУНЬ-ГЕЛЬ ПЕНА 650 МЛ
4640130790943	 ШАМПУНЬ-ГЕЛЬ ПЕНА 650 МЛ
4650058305563	 UNICUM СРЕДСТВО ДЛЯ УДАЛЕНИЯ ИЗВЕСТКОВОГО НАЛЕТА И РЖАВЧИНЫ 500МЛ
4650058305563	 UNICUM СРЕДСТВО ДЛЯ УДАЛЕНИЯ ИЗВЕСТКОВОГО НАЛЕТА И РЖАВЧИНЫ 500МЛ
4650058305563	 UNICUM СРЕДСТВО ДЛЯ УДАЛЕНИЯ ИЗВЕСТКОВОГО НАЛЕТА И РЖАВЧИНЫ 500МЛ
4650058305563	 UNICUM СРЕДСТВО ДЛЯ УДАЛЕНИЯ ИЗВЕСТКОВОГО НАЛЕТА И РЖАВЧИНЫ 500МЛ
4650058305563	 UNICUM СРЕДСТВО ДЛЯ УДАЛЕНИЯ ИЗВЕСТКОВОГО НАЛЕТА И РЖАВЧИНЫ 500МЛ
4650058305563	 UNICUM СРЕДСТВО ДЛЯ УДАЛЕНИЯ ИЗВЕСТКОВОГО НАЛЕТА И РЖАВЧИНЫ 500МЛ
8711700863957	 ШАМПУНЬ AXE 250МЛ DARK TEMPTATION
8711700863957	 ШАМПУНЬ AXE 250МЛ DARK TEMPTATION
8711700863957	 ШАМПУНЬ AXE 250МЛ DARK TEMPTATION
8711700863957	 ШАМПУНЬ AXE 250МЛ DARK TEMPTATION
8711700863957	 ШАМПУНЬ AXE 250МЛ DARK TEMPTATION
8711700863957	 ШАМПУНЬ AXE 250МЛ DARK TEMPTATION
8714100913338	 СРЕДСТВО ДОМЕСТОС 680МЛ
8714100913338	 СРЕДСТВО ДОМЕСТОС 680МЛ
8714100913338	 СРЕДСТВО ДОМЕСТОС 680МЛ
8714100913338	 СРЕДСТВО ДОМЕСТОС 680МЛ
8714100913338	 СРЕДСТВО ДОМЕСТОС 680МЛ
8714100913338	 СРЕДСТВО ДОМЕСТОС 680МЛ
4613720439072	 КОНДИЦИОНЕР-СРЕДСТВО ЖИДКОЕ, ОПОЛАСКИВ. БИО. С АНТИС. ДЛЯ БЕЛЬЯ 1Л SYNERGETIC
4613720439072	 КОНДИЦИОНЕР-СРЕДСТВО ЖИДКОЕ, ОПОЛАСКИВ. БИО. С АНТИС. ДЛЯ БЕЛЬЯ 1Л SYNERGETIC
4613720439072	 КОНДИЦИОНЕР-СРЕДСТВО ЖИДКОЕ, ОПОЛАСКИВ. БИО. С АНТИС. ДЛЯ БЕЛЬЯ 1Л SYNERGETIC
4613720439072	 КОНДИЦИОНЕР-СРЕДСТВО ЖИДКОЕ, ОПОЛАСКИВ. БИО. С АНТИС. ДЛЯ БЕЛЬЯ 1Л SYNERGETIC
4613720439072	 КОНДИЦИОНЕР-СРЕДСТВО ЖИДКОЕ, ОПОЛАСКИВ. БИО. С АНТИС. ДЛЯ БЕЛЬЯ 1Л SYNERGETIC
4613720439072	 КОНДИЦИОНЕР-СРЕДСТВО ЖИДКОЕ, ОПОЛАСКИВ. БИО. С АНТИС. ДЛЯ БЕЛЬЯ 1Л SYNERGETIC
3600542335973	 3.12 ГАРНЕР
3600542335973	 3.12 ГАРНЕР
3600542335973	 3.12 ГАРНЕР
3600542335973	 3.12 ГАРНЕР
3600542335973	 3.12 ГАРНЕР
3600542335973	 3.12 ГАРНЕР
9000101408454	 ПЕРСИЛ ГЕЛЬ 1,3Л КОЛОР 8
9000101408454	 ПЕРСИЛ ГЕЛЬ 1,3Л КОЛОР 8
9000101408454	 ПЕРСИЛ ГЕЛЬ 1,3Л КОЛОР 8
9000101408454	 ПЕРСИЛ ГЕЛЬ 1,3Л КОЛОР 8
9000101408454	 ПЕРСИЛ ГЕЛЬ 1,3Л КОЛОР 8
9000101408454	 ПЕРСИЛ ГЕЛЬ 1,3Л КОЛОР 8
9000101421521	 ПЕРСИЛ В КАПСУЛАХ 28ШТ
9000101421521	 ПЕРСИЛ В КАПСУЛАХ 28ШТ
9000101421521	 ПЕРСИЛ В КАПСУЛАХ 28ШТ
9000101421521	 ПЕРСИЛ В КАПСУЛАХ 28ШТ
9000101421521	 ПЕРСИЛ В КАПСУЛАХ 28ШТ
9000101421521	 ПЕРСИЛ В КАПСУЛАХ 28ШТ
8006540301821	 ТАЙД ДЛЯ ЧЕРНОГО БЕЛЬЯ 1040МЛ
8006540301821	 ТАЙД ДЛЯ ЧЕРНОГО БЕЛЬЯ 1040МЛ
8006540301821	 ТАЙД ДЛЯ ЧЕРНОГО БЕЛЬЯ 1040МЛ
8006540301821	 ТАЙД ДЛЯ ЧЕРНОГО БЕЛЬЯ 1040МЛ
8006540301821	 ТАЙД ДЛЯ ЧЕРНОГО БЕЛЬЯ 1040МЛ
8006540301821	 ТАЙД ДЛЯ ЧЕРНОГО БЕЛЬЯ 1040МЛ
4600697040509	 ПЯТНОВЫВОДИТЕЛЬ ДЕТ. УШ. НЯНЬ 500 МЛ
8714100863732	 БАЛЬЗАМ ЧЛ
4604049012350	 AOS ГЛИЦЕРИН 1000Г
4602984010226	 HOMESTAR ЧИСТЯЩЕЕ СРЕДСТВО ДЛЯ ВАНН 750Г
4650067529462	 МОЮЩЕЕ СТРЕДСТВО ДЛЯ КУХНИ AZELIT 600МЛ
4604049102808	 SORTI УНИВЕРСАЛЬНЫЙ ЧИСТЯЩИЙ КРЕМ
8001090017079	" СРЕДСТВО ДЛЯ МЫТЬЯ ПОСУДЫ ""FAIRY"" НЕЖНЫЕ РУКИ 900МЛ"
4602984016068	 СРЕДСТВО ДЛЯ ЧИСТКИ КУХОННЫХ ПЛИТ
4602984007912	 ЧИСТИН БЕЛИЗНА ГЕЛЬ 950 МЛ
4607110521621   УНИВЕРСАЛЬНОЕ СРЕДСТВО ДЛЯ МЫТЬЯ СТЕКОЛ И ЗЕРКАЛЬНЫХ ПОВЕРХНОСТЕЙ FREEДОМ "ЛЕТНИЙ ЛУГ"
4823002000177	 МР. МУСКУЛ СР-ВО Д/ПРОЧИСТКИ ЗАСОРЕННЫХ СЛИВНЫХ ТРУБ 70Г
3574661414478	 MARSEILIAIS GEL DE DUS CAPSUNA 650ML
8717163094952	 DOMESTOS УНИВ. СР-ВО СВЕЖЕСТЬ АТЛАНТИКИ 24Ч. 1Л
4670013300709	 ЧИРТОН ГЕЛЬ ДЛЯ СТИРКИ ДЕЛИКАТНЫХ ТКАНЕЙ
4605966003254	 SCHAUMA ШАМПУНЬ Д/МУЖЧИН 225МЛ
8690536920822	 КОНДИЦИОНЕР BINGO SOFT LOVELY 1Л
9000101416466	 ПЕРСИЛ ГЕЛЬ ДСТИРКИ PREMIUM КОЛОР 2,34 Л
4607109407806	 AIR WICK ДИКИЙ ГРАНАТ ИНДИЯ 250МЛ
9000100980739	 ПЕМОЛЮКС ЛИМОН 480Г
4640018993206	 ДОСЯ АВТОМАТ 4КГ4ШТ
8710447447369	 СИФ ЧИСТЯЩИЙ СПРЕЙ Д/СТЕКОЛ 500МЛ БЛЕСТЯЩИЙ ЭФФЕКТ
7702018837816	 TGS ГЕЛЬ Д/БРИТЬЯ PURE FND SENSI (ГИПОАЛЛЕРГЕН)200
4602984010226	 HOMESTAR ЧИСТЯЩЕЕ СРЕДСТВО ДЛЯ ВАНН 750Г
3600542335973	 3.12 ГАРНЕР
8717163089361	 DOMESTOS 1Л ФРУКТОВАЯ СВЕЖЕСТЬ 24 ЧАСА УНИВЕРСАЛЬНОЕ
46151391	 DOVE ДЕЗ.А/П РОЛИК 50МЛ. НЕЖНОСТЬ ПУДРЫ
4650092452032	 BATH RACING ДЕТСК. ШАМП. И ГЕЛЬ ДДУША, 300МЛ.
4015000951944	" АЭРОЗ""ФА"" ЭКСТРИМ 150МЛ"
4640018992896   СР-ВО МОЮЩЕЕ ЖИДКОЕ Д/СТИРКИ WOOLITE PREMIUM COLOR (ГЕЛЬ) 900МЛ
5997321740690   CILLIT BANG 750ГР СПРЕЙ ДЛЯ УДАЛЕНИЯ ТРУДНОВЫВОДИМЫХ ЗАГРЯЗНЕНИЙ
5410076352623   Мыло жидкое safeguard с антибакт эффектом классический 250мл препаков. дисплэй
5903267109323	 ОТБЕЛИВАТЕЛЬ ВАНИШ КОЛОР 450 ГР
4607087855002	 БАЛЬЗАМ ДЛЯ ВОЛОС КОМПЛИМЕНТ 500 МЛ
5410076957484	 MR.PROPER МОЮЩАЯ ЖИДКОСТЬ ДЛЯ УБОРКИ УНИВЕРСАЛ ЛИМОН  1.5 Л
4600699508533	" ЖИДКОЕ МЫЛО ""МАГИЯ ЦВЕТОВ"" 500 МЛ"
8001090873019	 СРЕДСТВО ДЛЯ МЫТЬЯ ПОСУДЫ 1350МЛ ФЕЙРИ
8712561454131	 ЧИСТ. СР-ВО CIF РОЗОВАЯ СВЕЖЕСТЬ 500 МЛ  NEW
8001480703612	 КОМЕТ ГЕЛЬ ОКЕАН
9000100950589	" КОНДИЦИОНЕР ДЛЯ БЕЛЬЯ Е ""ВОСТОЧНЫЙ СОН"" 1Л"
4005808837267	 КРЕМ NIVEA ЗАЩИТНЫЙ 75МЛ
8717163094952	 DOMESTOS УНИВ. СР-ВО СВЕЖЕСТЬ АТЛАНТИКИ 24Ч. 1Л
4690471171222	 КОНДИЦИОНЕР ДЛЯ БЕЛЬЯ BAMBOLINA 1Л ДЕТСКИЙ
4602984012893	 САНИТАР ЧИСТИН 1 ШТ
9000101075045	 КОНДИЦИОНЕР Д.Б. ВЕРНЕЛЬ СВЕЖЕСТЬ ЛЕТНЕГО УТРА 1820МЛ
9000101408454	 ПЕРСИЛ ГЕЛЬ 1,3Л КОЛОР 8
4084500644946   МР.ПРОПЕР ЖИДКОСТЬ ДЛЯ МЫТЬЯ ПОЛОВ 1Л
8001090995315	 FAIRY ДЛЯ ПОСУДЫ ЖАСМИН И АЛОЭ ВЕРА 900МЛ
4601313005025   СРЕДСТВО ДЛЯ ПОСУДЫ КАПЛЯ VOX (ЛИМОН, 500 МЛ.)
4604049009145   Чистящее средство sorti 400г лимон, порошок, ш/к 09145
4612735970617   ГЕЛЬ ДЛЯ СТИРКИ ДЕТСКОГО БЕЛЬЯ MEPSI, 1 Л.
4612735970617	 МЕПСИ ГЕЛЬ ДЛЯ СТИРКИ 1Л.
4620012440579	 BATEL КОНДИЦИОНЕР-ОПОЛАСКИВАТЕЛЬ ДЛЯ БЕЛЬЯ 1Л 44109
4870007225494	 ХОЗЯЙСТВЕННОЕ ЖИДКОЕ МЫЛО 65ПРОЦ ЛИМОН/АРОМИКА
4660120111718	 ЗОЛУШКА ДЛЯ МЫТЬЯ ПОЛА ЦИТРУС 500 МЛ
4607072196677   Очиститель налета и ржавчины Gloss 0.6кг grass (221600)
4600999036545   САЛФЕТКИ ВЛАЖНЫЕ АУРА 180 ШТ
4607034810108	 САНИТАРНЫЙ ГЕЛЬ 1 Л
4620757216347	 ГЕЛЬ
4604049098149	 БИОЛАН ЭКО ЗЕЛЕНАЯ СВЕЖЕСТЬ 500 ГР
4603739679682   Средство дезинфицирующее (кожный антисептик) Септанайзер 250 мл жидкость
8001090965615	 ГЕЛЬ ДЛЯ ДУША ОЛД СПАЙС 2 В 1
4606183000040	 ГЕЛЬ  САНИТАРНЫЙ ОТЛИЧНОЕ СРЕДСТВО 600МЛ
4823002000511	 PRONTO ПОЛИРОЛЬ Д/МЕБЕЛИ КРЕМ ЛИМОН 300Г
4602984015764	 САНФОР СРЕДСТВО ДЛЯ ПОЛОВ 1 ЛИТ
9000101422122	 ПЕМОЛЮКС ПРО НЕЙЧЕР 480ГР
4084500569478	 TIDE СМС В КАПСУЛАХ 12Х25Г АЛЬПИЙСКАЯ СВЕЖЕСТЬ
4810151011048	 КРЕМ  ВОССТАНОВЛЕНИЕ ДЛЯ РУК
8717644144626	 CLEAR SAMPUN 400 G
9000101520781	 ЛОСК ОРХИДЕЯ
4602984004065	 ЧИСТЯЩЕЕ SANFOR МОРСКОЙ БРИЗ 750Г
8001090017048	 РОМАШКА ВИТАМИН
4823002004199	 SC JOHNSON ТУАЛЕТНЫЙ УТЕНОК АКТИВНЫЙ ИДИМ.ЭФФ500МЛ
4602984016204	 ШАМПУНЬ ДЛЯ КОВРОВ
4620757215081	 ВЕСТАР КОНДИЦИОНЕР ДЛЯ БЕЛЬЯ 1.4Л
4600697080772	 ГЕЛЬ SARMA УНИВЕР.ЧИСТ.СРЕДСТВО АНТИБАК. 500МЛ
9000101420975	 ПЕРСИЛ КАПСУЛЫ1
7702018457847	 GILLETTE SERIES ГЕЛЬ ДБР.ДЧУВСТВИТЕЛЬНОЙ КОЖИ.
5000204150810	 PRONTO SPREY 250ML
4015100402636	 ШАУМА МЕН
4870007225500   МЫЛО ЖИДКОЕ АРОМИКА ХОЗЯЙСТВЕННОЕ 1100МЛ
8714100887882   ГЕЛЬ ДЛЯ ДУША CAMAY 250 МЛ В АССОРТ.
